CustomerNo,Sex,Marital status,Age,Education,Income,Occupation,Size of Community
1,0,0,67,2,124670,1,2
2,1,1,22,1,150773,1,2
3,0,0,49,1,89210,0,0
4,0,0,45,1,171565,1,1
5,0,0,53,1,149031,1,1
6,0,0,35,1,144848,0,0
7,0,0,53,1,156495,1,1
8,0,0,35,1,193621,2,1
9,0,1,61,2,151591,0,0
10,0,1,28,1,174646,2,0
11,1,1,25,1,108469,1,0
12,1,1,24,1,127596,1,0
13,1,1,22,1,108687,1,2
14,0,0,60,2,89374,0,0
15,1,1,28,1,102899,1,1
16,1,1,32,1,88428,0,0
17,0,0,53,1,125550,1,0
18,0,0,25,0,157434,1,2
19,1,1,44,2,261952,2,2
20,0,0,31,0,144657,1,1
21,0,0,48,1,118777,1,1
22,0,0,44,1,147511,1,1
23,0,0,48,1,89804,0,0
24,0,0,44,1,134918,1,2
25,0,1,26,1,103667,1,2
26,0,0,36,1,71909,0,0
27,0,1,39,1,68264,0,0
28,1,1,42,2,163025,1,1
29,0,0,34,1,119307,1,1
30,0,0,63,2,175882,1,0
31,0,1,36,1,159646,1,1
32,0,0,27,0,120131,1,1
33,0,0,30,0,162745,1,2
34,0,0,57,2,87605,0,0
35,1,1,33,1,155569,2,1
36,0,0,25,0,104505,0,0
37,0,0,31,0,143385,1,2
38,0,0,37,1,127676,1,1
39,0,0,37,1,119276,1,1
40,0,0,24,0,92542,1,1
41,0,0,30,0,163329,2,1
42,0,1,26,1,130921,1,0
43,0,0,44,1,133658,0,0
44,0,1,24,1,155104,1,1
45,1,1,58,2,142335,0,1
46,1,1,35,1,138387,2,1
47,0,0,39,1,140182,1,0
48,1,1,23,1,65421,0,0
49,0,0,39,1,130500,0,0
50,1,1,28,1,122831,1,0
51,0,0,29,0,84531,0,0
52,0,0,30,0,180196,2,2
53,0,0,25,0,92058,1,2
54,0,0,31,0,117158,1,0
55,0,0,57,2,135830,1,1
56,0,0,26,0,58258,0,0
57,0,0,52,1,202575,2,2
58,1,1,31,1,183657,1,1
59,1,1,23,1,152267,2,1
60,1,1,23,1,115240,0,0
61,0,1,27,1,106955,1,2
62,0,0,50,1,123641,1,1
63,0,0,61,2,166410,2,1
64,0,0,25,0,227385,1,2
65,1,1,26,1,118372,1,1
66,0,0,48,1,148115,1,1
67,1,1,29,1,111069,1,0
68,0,1,22,1,139780,1,0
69,0,0,37,1,106978,1,2
70,1,1,25,1,110019,1,2
71,1,1,30,1,169102,1,1
72,0,0,46,1,73703,0,0
73,0,0,51,1,141858,2,2
74,1,1,41,2,135959,0,0
75,0,0,40,1,140888,2,2
76,0,0,66,2,157299,2,2
77,0,0,34,1,125187,1,1
78,0,0,51,1,155486,1,2
79,0,0,39,1,151697,0,0
80,0,1,22,1,126400,1,1
81,1,1,44,2,159246,1,2
82,0,0,47,1,136138,1,1
83,1,1,24,1,84792,0,0
84,1,1,58,2,100210,0,0
85,0,0,52,1,93706,0,0
86,1,1,29,1,133783,2,1
87,1,1,27,1,110064,1,2
88,0,0,47,1,241068,1,1
89,0,0,30,0,149022,2,2
90,0,0,28,0,92973,1,2
91,0,0,56,1,110605,1,1
92,0,0,54,1,116604,1,1
93,1,1,33,1,71070,0,0
94,0,0,20,0,128678,1,1
95,0,0,54,1,165230,1,2
96,0,0,58,2,268340,1,1
97,1,1,61,2,135070,1,1
98,0,0,34,1,134794,1,2
99,0,0,36,1,120153,1,1
100,0,0,36,1,195465,2,2
101,0,1,41,1,93372,0,0
102,0,0,24,0,110446,1,0
103,1,1,24,1,95186,1,1
104,0,0,35,1,115343,1,1
105,0,1,26,1,107276,1,1
106,0,0,39,1,244716,2,2
107,0,0,39,1,183108,2,2
108,0,0,32,0,152876,1,2
109,1,1,30,1,165147,1,0
110,0,1,35,1,140520,1,0
111,0,1,31,1,124203,1,1
112,1,1,23,1,107205,1,1
113,0,0,28,0,121432,0,2
114,1,1,25,1,162445,1,0
115,0,1,35,1,134112,1,1
116,0,0,47,1,131842,1,1
117,1,1,30,1,189896,2,0
118,1,1,27,1,109099,1,2
119,1,1,23,1,153539,1,1
120,0,1,36,1,180495,2,1
121,1,1,25,1,104653,1,2
122,1,1,41,2,166933,2,2
123,0,0,24,0,66118,0,0
124,0,0,63,2,135754,1,0
125,1,1,27,1,116103,1,2
126,0,0,30,0,104293,1,1
127,0,1,40,1,71702,0,0
128,0,0,30,0,99066,1,2
129,0,0,34,1,143979,2,2
130,1,1,29,1,123818,1,0
131,1,1,24,1,176714,1,2
132,0,0,29,0,149249,1,2
133,0,0,27,0,77535,0,0
134,0,0,47,1,116540,1,1
135,1,1,21,1,194728,1,0
136,1,1,38,1,109311,1,2
137,0,0,27,0,204723,1,2
138,0,0,66,2,126003,0,0
139,0,0,35,1,123109,1,1
140,1,1,44,2,108251,0,0
141,0,1,27,1,89908,0,0
142,1,1,30,1,176057,2,1
143,0,0,27,0,144332,2,2
144,0,0,22,0,101185,1,1
145,1,1,23,1,107406,1,2
146,0,0,30,0,140665,1,1
147,1,1,39,2,106461,1,0
148,1,1,51,2,127825,1,0
149,0,0,28,0,133898,1,1
150,0,0,46,1,152383,1,2
151,0,0,42,1,119926,1,0
152,0,0,38,1,108784,1,2
153,0,0,24,0,153286,1,1
154,1,1,29,1,214204,1,2
155,0,0,36,1,208101,2,2
156,1,1,20,1,95355,1,1
157,0,0,48,1,124156,1,1
158,0,1,45,2,72215,0,0
159,0,0,38,1,146529,1,2
160,0,0,34,1,75343,0,0
161,0,0,36,1,129789,1,1
162,1,1,30,1,101153,1,1
163,0,0,36,1,127833,1,2
164,0,0,70,2,224998,2,2
165,0,0,36,1,124445,1,2
166,0,0,32,0,141116,1,1
167,1,1,33,1,104276,1,2
168,1,1,20,1,147687,1,2
169,1,1,25,1,125168,1,1
170,0,1,31,1,115369,1,2
171,0,0,33,1,95445,1,0
172,1,1,26,1,95159,1,1
173,1,1,34,1,153031,2,2
174,0,0,33,1,108899,1,0
175,0,0,26,0,113515,1,1
176,1,1,53,2,211229,2,0
177,0,1,42,2,121307,1,0
178,0,0,52,1,131727,1,2
179,0,0,31,0,133574,2,1
180,0,0,65,2,117334,1,0
181,0,1,28,1,177291,1,2
182,0,1,30,1,168763,2,1
183,0,0,40,1,77720,0,0
184,0,0,50,1,176645,1,2
185,0,0,36,1,106205,1,1
186,0,0,31,0,97785,1,1
187,1,1,74,3,214364,2,1
188,0,0,68,2,74525,0,0
189,0,1,20,1,98988,1,0
190,1,1,33,1,133561,1,1
191,0,0,54,1,217651,2,2
192,0,0,34,1,116525,0,0
193,0,0,36,1,135302,1,2
194,0,1,29,1,106434,1,1
195,0,0,21,0,128350,1,2
196,1,1,34,1,147626,2,2
197,1,1,28,1,102697,1,0
198,1,1,27,1,120262,1,0
199,0,0,36,1,124214,1,2
200,0,1,40,1,175223,2,1
201,0,0,52,1,137467,1,0
202,0,1,27,1,65815,0,0
203,0,0,26,0,129864,1,1
204,0,1,21,1,88475,1,1
205,0,0,38,1,74666,0,0
206,0,0,38,1,222294,2,2
207,0,0,43,1,112878,1,0
208,0,0,26,0,103411,1,2
209,0,1,21,1,112868,0,0
210,0,0,55,1,157940,1,2
211,0,0,33,1,115835,1,2
212,1,1,45,2,109807,0,0
213,0,0,50,1,150699,1,1
214,0,0,66,2,178967,2,0
215,0,0,51,1,132767,1,0
216,1,1,39,2,86152,0,0
217,0,0,31,0,114528,1,2
218,0,0,23,0,133912,1,1
219,0,1,24,1,81210,0,0
220,1,1,64,3,131242,1,0
221,0,1,26,1,68804,0,0
222,1,1,23,1,96961,1,1
223,0,0,30,0,90719,1,2
224,0,0,32,0,114116,1,1
225,0,0,30,0,128639,1,1
226,0,0,27,0,106623,1,1
227,0,0,27,0,236264,1,1
228,0,0,53,1,207783,2,1
229,0,0,22,0,91739,1,1
230,0,0,22,0,107780,1,2
231,0,0,26,0,139157,1,2
232,0,0,51,1,121751,0,0
233,0,0,35,1,121974,1,0
234,0,1,25,1,70320,0,0
235,0,0,42,1,78327,0,0
236,0,0,30,0,131433,2,0
237,0,0,23,0,167076,0,2
238,0,1,61,2,130788,0,0
239,1,1,35,1,107408,1,1
240,0,0,39,1,115323,1,1
241,1,1,29,1,99012,1,0
242,0,0,51,1,115996,1,1
243,0,0,24,0,123353,1,1
244,1,1,27,1,100008,1,0
245,1,1,35,1,125105,0,0
246,0,0,25,0,92020,1,2
247,0,0,52,1,108365,1,2
248,0,0,35,1,112979,1,0
249,0,0,26,0,117221,1,1
250,1,1,22,1,88800,1,2
251,1,1,39,2,115099,0,0
252,1,1,46,2,113399,0,0
253,1,1,24,1,115879,1,1
254,0,0,35,1,141270,1,2
255,0,0,24,0,107633,1,1
256,0,0,27,0,131751,0,0
257,0,0,35,1,83687,0,0
258,0,1,29,1,106828,1,2
259,1,1,23,1,135537,1,1
260,1,1,57,2,107142,0,0
261,0,0,27,0,97446,1,1
262,1,1,55,2,126357,1,2
263,0,0,36,1,169617,2,1
264,1,1,57,2,108945,0,0
265,0,0,32,0,67345,0,0
266,0,0,37,1,106215,1,0
267,0,0,36,1,149237,1,0
268,1,1,38,1,112124,1,0
269,0,1,45,2,215150,2,2
270,0,0,25,0,89534,1,1
271,0,0,32,0,111082,1,2
272,1,1,37,1,137069,1,1
273,0,0,36,1,244541,2,2
274,0,0,28,0,120712,1,1
275,0,1,34,1,175367,0,0
276,0,0,32,0,111418,1,1
277,1,1,26,1,110913,1,0
278,0,1,49,2,84267,0,0
279,1,1,32,1,136886,1,2
280,0,0,29,0,144884,2,2
281,0,0,23,0,151180,1,1
282,0,0,50,1,114997,1,1
283,0,0,49,1,100961,0,0
284,0,0,63,2,124849,1,2
285,0,1,37,1,152308,1,2
286,1,1,35,1,167945,0,1
287,0,0,26,0,126706,1,2
288,0,0,31,0,210017,2,2
289,1,1,49,2,125665,1,1
290,0,1,48,2,111184,1,1
291,0,1,26,1,94134,1,0
292,0,1,28,1,214620,2,1
293,1,1,44,2,193816,2,1
294,0,0,56,1,168714,1,1
295,0,1,46,2,202997,2,1
296,1,1,26,1,192451,1,2
297,1,1,20,1,127928,1,2
298,0,0,45,1,78253,0,0
299,0,0,43,1,118446,1,1
300,0,0,32,0,161379,1,2
301,1,1,54,2,56622,0,0
302,1,1,42,2,146117,1,1
303,0,0,37,1,90418,0,0
304,0,0,49,1,109053,1,0
305,0,0,44,1,219319,1,0
306,0,1,33,1,144701,1,1
307,1,1,24,1,102425,0,0
308,0,1,33,1,79867,0,0
309,1,1,24,1,107114,1,2
310,0,1,22,1,62263,0,0
311,0,0,40,1,92567,0,0
312,0,0,25,0,146349,1,0
313,1,1,26,1,141825,1,1
314,0,1,25,1,68582,0,0
315,0,0,29,0,85476,0,0
316,0,0,31,0,111091,1,2
317,0,0,38,1,67110,0,0
318,1,1,48,2,126154,0,0
319,0,0,32,0,92257,1,2
320,1,1,27,1,93605,0,0
321,0,1,28,1,165190,2,0
322,0,1,32,1,107195,1,0
323,0,0,34,1,145059,2,0
324,0,0,28,0,148363,1,0
325,1,1,36,1,105681,1,2
326,0,0,39,1,93732,0,0
327,0,0,49,1,154778,1,2
328,1,1,34,1,149356,1,2
329,0,0,31,0,145670,1,1
330,0,0,28,0,101589,1,2
331,0,0,75,2,213333,2,1
332,1,1,30,1,122420,1,0
333,1,1,24,1,209856,2,1
334,1,1,24,1,181003,0,0
335,0,0,23,0,117804,1,1
336,0,1,44,2,160650,2,1
337,1,1,23,1,84611,0,0
338,1,1,24,1,98479,1,2
339,0,0,28,0,122359,1,2
340,0,1,31,1,81394,0,0
341,1,1,24,1,150372,1,1
342,1,1,26,1,92385,0,0
343,0,1,25,1,149851,1,2
344,0,0,33,1,167939,2,1
345,0,0,37,1,115426,0,0
346,1,1,43,2,85402,0,0
347,0,0,23,0,95815,1,2
348,1,1,23,1,97518,0,0
349,0,0,34,1,87355,0,0
350,0,0,32,0,145933,1,1
351,1,1,23,1,97307,1,0
352,1,1,29,1,108434,1,2
353,0,0,38,1,151312,2,1
354,0,0,28,0,141847,1,1
355,0,0,46,1,130675,1,2
356,0,0,23,0,69309,0,0
357,0,0,49,1,121466,1,2
358,0,0,26,0,153586,2,2
359,0,1,28,1,92849,1,0
360,1,1,23,1,108539,1,2
361,0,0,61,2,129556,1,2
362,0,0,37,1,170146,2,0
363,1,1,36,1,135383,1,1
364,0,1,21,1,96769,1,2
365,0,0,25,0,43684,0,0
366,0,0,36,1,103521,1,0
367,0,0,27,0,118499,1,1
368,1,1,22,1,119684,1,2
369,0,0,42,1,126586,1,1
370,1,1,40,2,136812,1,2
371,0,0,36,1,118277,1,1
372,0,0,33,1,144597,1,1
373,1,1,23,1,106043,1,0
374,0,0,63,2,272314,2,2
375,1,1,60,2,309364,2,2
376,1,1,37,1,170386,1,1
377,0,1,34,1,112458,1,0
378,0,0,36,1,96840,1,1
379,0,0,57,2,281923,2,1
380,1,1,52,2,95551,0,0
381,0,0,39,1,112347,1,2
382,1,1,38,1,260977,2,2
383,1,1,25,1,99354,1,0
384,0,0,26,0,111509,1,2
385,0,0,26,0,105252,0,0
386,1,1,25,1,108522,1,0
387,1,1,21,1,94655,1,1
388,0,0,40,1,201699,2,1
389,0,0,27,0,139868,1,2
390,1,1,27,1,102543,1,1
391,0,1,30,1,134467,2,2
392,1,1,19,1,111187,0,0
393,0,0,39,1,152302,2,1
394,1,1,31,1,110610,1,2
395,0,0,31,0,137827,2,2
396,0,0,32,0,220923,1,2
397,1,1,55,2,165717,2,2
398,0,1,46,2,122299,1,0
399,0,1,46,2,120499,1,0
400,1,1,43,2,126449,0,0
401,0,1,39,1,108315,1,2
402,0,1,28,1,112515,1,1
403,0,0,27,0,164559,1,1
404,0,0,27,0,59238,0,0
405,0,0,43,1,131133,1,0
406,0,1,22,1,109188,1,0
407,0,0,43,1,115393,1,1
408,0,1,27,1,94711,1,2
409,0,1,26,1,171860,2,0
410,0,1,28,1,139414,1,2
411,1,1,20,1,110931,1,1
412,0,0,35,1,187549,2,2
413,0,0,42,1,145508,2,0
414,0,0,40,1,104240,0,0
415,1,1,35,1,108272,1,1
416,0,0,35,1,144004,1,2
417,0,0,33,1,81083,0,0
418,1,1,23,1,166763,1,1
419,1,1,31,1,175530,2,1
420,1,1,33,1,112422,1,1
421,1,1,20,1,154134,1,2
422,0,0,30,0,112401,1,1
423,0,0,47,1,85690,0,0
424,0,0,34,1,145896,2,2
425,1,1,25,1,122552,1,2
426,0,1,21,1,115494,1,2
427,0,0,29,0,109467,1,0
428,0,0,46,1,148226,1,2
429,0,0,20,0,88559,1,1
430,1,1,55,2,62393,0,0
431,0,0,74,2,122133,0,0
432,0,0,29,0,230883,2,2
433,0,0,36,1,136689,2,2
434,0,1,33,1,109145,1,0
435,0,0,25,0,100449,1,2
436,0,1,25,1,106253,1,0
437,0,1,23,1,84747,0,0
438,1,1,37,1,149465,1,1
439,0,0,65,2,84435,0,0
440,1,1,26,1,51681,0,0
441,0,0,39,1,139198,2,1
442,1,1,30,1,106577,1,1
443,0,0,29,0,117372,1,2
444,0,0,41,1,69609,0,0
445,1,1,30,1,178947,2,2
446,1,1,41,2,81743,0,0
447,1,1,34,1,111900,1,1
448,0,0,35,1,121650,1,0
449,1,1,55,2,172639,2,2
450,0,1,61,2,175740,1,1
451,0,0,30,0,220050,2,2
452,1,1,29,1,95200,1,1
453,0,0,34,1,113609,1,1
454,0,0,35,1,143552,2,2
455,0,0,31,0,130973,1,2
456,1,1,29,1,145946,2,2
457,0,0,36,1,126206,1,1
458,0,0,35,1,120426,1,0
459,1,1,27,1,91925,1,2
460,0,0,32,0,129630,1,2
461,0,0,37,1,124268,1,2
462,0,0,36,1,105240,1,1
463,1,1,34,1,162180,2,0
464,0,0,38,1,106552,1,2
465,0,0,34,1,105843,1,2
466,0,0,63,2,138327,1,1
467,1,1,29,1,76154,0,0
468,0,0,32,0,155012,1,1
469,1,1,26,1,114369,1,1
470,0,0,35,1,102839,0,0
471,0,1,22,1,132796,1,0
472,1,1,23,1,89742,1,2
473,0,0,28,0,58615,0,0
474,0,0,36,1,130603,2,2
475,0,1,33,1,110340,1,0
476,1,1,26,1,117729,1,2
477,0,0,24,0,130808,1,0
478,0,0,25,0,147402,1,2
479,0,0,39,1,93567,0,0
480,0,0,44,1,109289,1,1
481,1,1,23,1,98742,0,0
482,0,0,26,0,101270,1,0
483,1,1,57,2,187835,1,1
484,1,1,30,1,140741,1,0
485,0,0,44,1,133265,1,2
486,0,0,47,1,148100,2,2
487,0,0,52,1,131021,1,2
488,1,1,62,2,152620,1,2
489,0,0,35,1,85033,0,0
490,0,0,26,0,114514,1,1
491,0,0,26,0,99307,1,1
492,1,1,42,2,219451,2,2
493,1,1,27,1,114007,1,0
494,0,0,38,1,102846,1,0
495,0,0,39,1,81483,0,0
496,0,1,20,1,107779,1,2
497,0,0,29,0,222360,2,2
498,0,0,40,1,107125,1,0
499,0,1,32,1,80080,0,0
500,0,1,28,1,129600,1,0
501,1,1,27,1,118613,1,1
502,0,0,42,1,146237,1,1
503,0,1,49,2,144461,1,2
504,0,0,38,1,124487,1,0
505,1,1,24,1,97826,1,0
506,0,0,27,0,64105,0,0
507,0,0,36,1,156374,1,2
508,0,0,34,1,205383,2,2
509,0,1,28,1,98964,1,2
510,0,0,45,1,221842,2,2
511,0,0,26,0,88027,1,2
512,0,0,32,0,160513,2,2
513,0,0,26,0,124536,1,2
514,0,1,20,1,93634,1,0
515,0,0,54,1,124725,1,0
516,1,1,37,1,102456,1,0
517,0,0,40,1,74975,0,0
518,1,1,23,1,153861,1,1
519,0,0,43,1,119351,1,2
520,0,0,36,1,95438,1,2
521,0,0,44,1,147967,1,2
522,1,1,24,1,116863,1,1
523,0,0,53,1,170622,1,1
524,1,1,23,1,132426,1,1
525,1,1,26,1,77519,0,0
526,0,0,30,0,169405,1,2
527,1,1,31,1,120030,1,0
528,0,0,42,1,77933,0,0
529,0,1,31,1,109892,1,1
530,0,0,41,1,69062,0,0
531,0,0,32,0,116348,1,0
532,1,1,28,1,137188,1,1
533,0,1,41,1,110199,1,0
534,0,1,26,1,109890,1,1
535,0,0,25,0,109751,1,2
536,0,1,33,1,129651,1,1
537,1,1,75,3,170113,2,1
538,1,1,37,1,140285,1,1
539,0,0,42,1,198029,2,2
540,1,1,45,2,120262,0,0
541,0,1,23,1,105137,1,1
542,0,0,60,2,127371,1,0
543,0,0,31,0,145689,1,0
544,0,0,34,1,102617,0,1
545,0,0,61,2,90709,0,0
546,0,0,43,1,107099,1,1
547,1,1,37,1,116021,1,2
548,0,0,32,0,100426,1,2
549,1,1,24,1,62249,0,0
550,0,0,35,1,172957,1,1
551,1,1,23,1,95003,1,1
552,0,0,45,1,109698,0,0
553,0,1,34,1,157376,1,0
554,0,0,27,0,123191,1,2
555,1,1,67,3,171052,2,0
556,0,0,22,0,99328,1,0
557,1,1,28,1,133799,1,2
558,1,1,29,1,138256,1,2
559,0,0,27,0,115638,1,0
560,0,0,31,0,82238,0,0
561,0,0,49,1,127543,1,1
562,0,0,24,0,63987,0,0
563,1,1,29,1,114784,1,0
564,0,0,37,1,217450,1,1
565,0,0,37,1,173751,2,2
566,1,1,23,1,122850,1,0
567,0,1,36,1,104953,1,0
568,0,0,34,1,152371,1,1
569,0,0,41,1,139905,1,0
570,1,1,31,1,156700,1,1
571,1,1,23,1,86488,0,0
572,0,0,38,1,147472,1,0
573,1,1,26,1,169991,2,0
574,1,1,22,1,62381,0,0
575,0,0,27,0,70926,0,0
576,1,1,24,1,113004,1,1
577,1,1,27,1,125760,1,0
578,1,1,33,1,111918,1,2
579,0,1,27,1,120674,1,1
580,0,1,27,1,63597,0,0
581,0,0,30,0,103069,1,1
582,0,0,49,1,108079,0,0
583,1,1,26,1,101159,1,1
584,0,0,33,1,88211,0,0
585,1,1,52,2,159052,2,1
586,1,1,20,1,102623,1,2
587,0,0,36,1,115589,1,0
588,0,0,21,0,59127,0,0
589,0,1,47,2,82240,0,0
590,0,0,60,2,129425,1,1
591,1,1,58,2,87058,0,0
592,1,1,42,2,128462,1,2
593,1,1,36,1,121403,0,0
594,1,1,20,1,88141,0,0
595,0,0,40,1,134946,2,2
596,1,1,32,1,94058,0,0
597,1,1,23,1,99285,1,1
598,0,0,36,1,108432,0,0
599,0,0,31,0,111369,1,0
600,0,0,32,0,122612,1,2
601,1,1,45,2,134350,1,0
602,1,1,30,1,108838,1,2
603,1,1,34,1,90852,0,0
604,1,1,28,1,151580,2,2
605,1,1,23,1,115681,1,1
606,0,0,22,0,131699,1,1
607,0,0,74,2,192481,2,1
608,1,1,50,2,155122,1,2
609,0,0,33,1,106015,1,2
610,0,0,45,1,108378,1,0
611,1,1,22,1,105257,1,1
612,1,1,48,2,118788,0,0
613,1,1,29,1,162955,1,2
614,1,1,22,1,119511,1,2
615,1,1,22,1,102000,1,0
616,0,0,48,1,254449,2,1
617,0,0,27,0,208446,2,2
618,0,0,37,1,124805,1,0
619,1,1,21,1,139379,1,0
620,0,1,49,2,78296,0,0
621,0,0,27,0,125598,1,1
622,0,0,32,0,100215,1,2
623,0,1,38,1,130951,1,2
624,1,1,22,1,102480,1,2
625,0,0,65,2,136812,1,1
626,0,0,35,1,106919,1,1
627,0,0,41,1,131020,1,2
628,0,0,29,0,119429,1,1
629,0,0,36,1,154521,1,1
630,0,0,64,2,117842,0,0
631,1,1,28,1,124566,1,2
632,0,0,44,1,110009,1,2
633,0,0,23,0,101210,1,1
634,1,1,19,1,101258,1,0
635,1,1,25,1,79045,0,0
636,0,0,47,1,110866,1,0
637,1,1,28,1,129640,1,2
638,0,0,21,0,227021,1,1
639,1,1,34,1,108549,1,1
640,0,0,26,0,122693,1,0
641,1,1,27,1,35832,0,0
642,0,0,38,1,81870,0,0
643,0,0,40,1,179790,2,2
644,0,1,33,1,107158,1,1
645,0,1,32,1,136638,2,1
646,0,0,27,0,158147,1,2
647,0,1,32,1,132587,1,2
648,1,1,26,1,128140,1,2
649,0,0,38,1,117405,1,1
650,0,0,40,1,68475,0,0
651,0,0,50,1,201656,2,2
652,0,0,37,1,86967,0,0
653,0,0,45,1,118006,1,1
654,0,0,42,1,223630,2,2
655,0,0,35,1,110442,1,0
656,0,0,22,0,115691,1,2
657,0,0,41,1,80232,0,0
658,0,0,37,1,187647,1,1
659,1,1,28,1,138952,1,1
660,0,0,41,1,162772,1,2
661,0,1,23,1,111862,1,1
662,0,1,23,1,90051,1,1
663,0,0,50,1,121400,1,1
664,0,0,35,1,137000,2,2
665,1,1,50,2,105031,0,0
666,0,0,27,0,172153,2,2
667,0,0,34,1,170184,1,1
668,1,1,27,1,123279,1,1
669,0,0,43,1,140795,1,0
670,0,0,47,1,144456,1,0
671,0,0,27,0,104773,0,0
672,0,0,31,0,153353,1,1
673,0,0,42,1,223018,2,1
674,0,1,24,1,129177,1,2
675,0,0,41,1,114475,0,1
676,1,1,26,1,161323,2,1
677,0,0,33,1,135765,1,2
678,0,1,24,1,158421,1,0
679,0,0,64,2,103941,0,0
680,1,1,26,1,101783,1,2
681,1,1,56,2,126531,1,1
682,0,0,37,1,111394,1,1
683,0,1,33,1,103577,1,2
684,0,1,47,2,149545,1,1
685,0,0,31,0,171857,0,0
686,0,0,34,1,149782,1,1
687,0,0,27,0,112470,1,1
688,0,0,30,0,133907,1,2
689,0,0,35,1,127849,1,1
690,0,0,31,0,160279,1,2
691,0,1,25,1,92366,1,2
692,1,1,25,1,104794,0,0
693,0,0,29,0,133436,1,1
694,0,0,44,1,110374,0,0
695,0,0,28,0,104263,1,1
696,0,0,50,1,138752,1,0
697,0,0,29,0,102723,1,0
698,1,1,38,1,46297,0,0
699,0,0,24,0,96425,1,1
700,0,0,40,1,158197,2,1
701,1,1,29,1,98008,0,0
702,0,0,46,1,157473,1,0
703,1,1,47,2,149306,1,0
704,0,0,41,1,139236,1,1
705,1,1,32,1,125890,1,2
706,1,1,35,1,173124,1,1
707,0,0,24,0,164621,1,1
708,1,1,25,1,124539,1,1
709,1,1,25,1,107614,1,1
710,0,0,37,1,88849,0,0
711,0,0,32,0,148566,2,2
712,1,1,35,1,106515,1,2
713,0,0,46,1,150465,2,1
714,0,0,25,0,60868,0,0
715,0,0,27,0,255198,2,2
716,0,0,63,2,183178,1,1
717,0,0,40,1,121448,1,2
718,0,0,32,0,129975,2,2
719,0,0,31,0,132950,1,2
720,0,1,31,1,169314,1,1
721,0,0,34,1,147958,2,1
722,1,1,24,1,139896,1,2
723,1,1,24,1,68028,0,0
724,1,1,66,3,133328,0,0
725,1,1,21,1,108518,1,2
726,1,1,41,2,112700,0,0
727,0,1,47,2,110190,0,0
728,1,1,25,1,105104,1,1
729,1,1,59,2,184753,1,1
730,0,1,36,1,162521,1,2
731,0,0,33,1,156794,1,1
732,0,0,21,0,65827,0,0
733,1,1,44,2,88490,0,0
734,1,1,28,1,154919,1,2
735,1,1,37,1,129058,1,0
736,1,1,29,1,77532,0,0
737,1,1,23,1,235417,2,2
738,0,0,35,1,113468,0,0
739,0,0,45,1,190803,2,2
740,1,1,26,1,121423,0,0
741,0,0,32,0,121347,1,1
742,0,0,23,0,67408,0,0
743,0,0,41,1,123043,1,1
744,0,0,22,0,128387,1,2
745,0,0,30,0,250050,2,1
746,0,0,28,0,69588,0,0
747,1,1,23,1,109547,1,1
748,1,1,37,1,78840,0,0
749,0,0,26,0,131122,1,0
750,0,0,33,1,115403,1,1
751,1,1,49,2,110291,1,2
752,1,1,23,1,64811,0,0
753,1,1,23,1,86015,0,0
754,1,1,25,1,142438,1,2
755,0,0,55,1,159303,1,1
756,1,1,32,1,104957,1,1
757,0,0,74,2,89502,0,0
758,0,0,39,1,121313,1,1
759,0,0,31,0,98102,1,0
760,0,0,35,1,94554,1,1
761,1,1,59,2,162591,1,1
762,1,1,24,1,106629,1,2
763,0,0,24,0,70400,0,0
764,0,0,30,0,235660,2,2
765,0,1,27,1,121747,1,2
766,0,1,40,1,85060,0,0
767,0,1,31,1,87630,0,0
768,1,1,31,1,119673,1,0
769,0,0,28,0,126060,1,2
770,0,0,63,2,96145,0,0
771,1,1,26,1,114830,1,0
772,1,1,25,1,194461,2,2
773,0,0,36,1,150158,2,2
774,0,0,52,1,136323,1,2
775,0,0,66,2,111858,0,0
776,1,1,25,1,100198,1,0
777,0,0,37,1,123452,1,2
778,1,1,25,1,120723,1,1
779,0,0,38,1,215639,2,1
780,1,1,67,3,166712,1,1
781,0,0,25,0,136300,1,1
782,0,0,60,2,166988,1,2
783,0,0,31,0,77265,0,0
784,1,1,23,1,85967,0,0
785,0,1,60,2,212020,2,0
786,0,0,35,1,126054,0,0
787,0,0,40,1,144589,1,0
788,0,0,38,1,116723,1,1
789,0,0,50,1,168637,1,1
790,0,0,27,0,139119,1,1
791,1,1,39,2,118610,1,2
792,0,0,41,1,183312,2,2
793,0,1,27,1,96323,1,0
794,0,1,51,2,149510,1,2
795,0,0,32,0,141922,1,2
796,1,1,22,1,120233,1,0
797,0,0,51,1,172790,1,1
798,1,1,22,1,66720,0,0
799,0,1,54,2,113024,1,1
800,0,0,35,1,51791,0,0
801,0,0,54,1,118408,1,2
802,1,1,48,2,101616,0,0
803,1,1,24,1,127250,1,0
804,0,0,35,1,97290,1,0
805,1,1,24,1,106970,0,0
806,0,0,24,0,168147,1,2
807,0,1,26,1,68468,0,0
808,0,0,65,2,120780,1,2
809,0,0,55,1,231992,2,2
810,1,1,26,1,53903,0,0
811,0,1,26,1,101511,1,2
812,0,1,28,1,69046,0,0
813,0,0,24,0,171584,1,1
814,0,0,54,1,132367,1,2
815,0,0,46,1,134433,1,2
816,1,1,54,2,190518,1,0
817,0,1,62,2,152367,1,1
818,1,1,24,1,101157,1,1
819,0,1,43,2,279593,2,2
820,0,1,26,1,96716,1,2
821,0,1,27,1,95171,1,0
822,0,1,24,1,129162,1,2
823,0,0,41,1,118742,1,0
824,0,0,47,1,74511,0,0
825,0,1,35,1,157272,2,1
826,0,1,30,1,102374,1,0
827,1,1,33,1,131492,1,0
828,0,0,36,1,128702,1,2
829,0,0,47,1,177509,1,2
830,0,0,38,1,163451,1,1
831,0,0,44,1,144900,1,1
832,1,1,23,1,97115,1,2
833,0,0,29,0,196568,1,2
834,1,1,42,2,158405,1,0
835,1,1,25,1,97376,0,0
836,0,0,48,1,108678,1,1
837,1,1,21,1,92351,1,0
838,1,1,23,1,61211,0,0
839,0,0,63,2,138644,1,0
840,0,1,46,2,124824,1,2
841,0,0,29,0,132852,1,0
842,0,0,28,0,81069,0,0
843,1,1,23,1,104094,1,2
844,0,0,50,1,114853,1,0
845,0,0,47,1,130344,1,2
846,0,0,35,1,135090,1,0
847,0,0,68,2,179151,1,2
848,0,1,28,1,97390,1,1
849,0,0,59,2,120160,1,0
850,0,0,57,2,82277,0,0
851,0,1,33,1,110844,1,2
852,0,0,43,1,133105,1,0
853,0,0,35,1,102042,1,0
854,0,0,32,0,69370,0,0
855,0,0,45,1,200298,1,1
856,0,1,33,1,117039,1,2
857,1,1,40,2,107585,1,2
858,0,0,28,0,114429,1,0
859,1,1,29,1,128234,1,2
860,0,0,26,0,128580,1,2
861,0,0,27,0,177757,1,1
862,0,1,28,1,106222,1,0
863,1,1,35,1,118428,1,2
864,0,0,32,0,139477,0,0
865,0,0,25,0,71159,0,0
866,1,1,20,1,131370,1,2
867,1,1,27,1,111567,1,2
868,0,0,42,1,125482,1,2
869,0,0,37,1,160642,1,2
870,1,1,24,1,92498,1,0
871,1,1,40,2,199711,1,2
872,0,0,46,1,127588,1,2
873,0,0,26,0,107508,1,2
874,1,1,24,1,94629,1,2
875,0,0,29,0,87598,0,2
876,1,1,40,2,161194,1,1
877,0,0,36,1,137342,2,2
878,0,0,28,0,116848,1,1
879,0,0,27,0,125190,2,1
880,0,0,36,1,153441,1,0
881,0,0,38,1,195328,2,2
882,0,1,48,2,190413,1,0
883,0,0,36,1,118656,1,1
884,1,1,65,3,69487,0,0
885,0,1,43,2,145313,1,1
886,1,1,53,2,117005,1,1
887,0,0,34,1,123243,1,1
888,0,0,23,0,237799,1,1
889,0,0,34,1,180617,2,2
890,0,0,40,1,167019,1,0
891,0,0,43,1,147745,2,2
892,0,0,46,1,114254,1,1
893,0,0,38,1,81155,0,0
894,0,0,34,1,151803,1,2
895,0,0,29,0,94356,1,2
896,0,0,31,0,200621,2,2
897,1,1,28,1,144448,2,1
898,1,1,35,1,150797,1,0
899,1,1,33,1,84404,0,0
900,0,0,42,1,133373,1,2
901,0,0,43,1,119502,1,2
902,0,1,44,2,131619,1,0
903,0,0,42,1,194084,1,2
904,0,1,40,1,108278,1,1
905,0,0,36,1,130987,2,1
906,0,0,20,0,116582,2,2
907,0,0,24,0,85270,0,0
908,0,1,27,1,129227,1,0
909,1,1,46,2,108291,0,0
910,1,1,33,1,103091,0,0
911,1,1,34,1,136975,1,1
912,1,1,25,1,111502,0,0
913,1,1,25,1,124750,1,1
914,0,1,28,1,146463,1,2
915,0,0,31,0,115075,1,0
916,1,1,32,1,308491,2,1
917,0,0,32,0,126368,1,0
918,0,0,68,2,287247,2,2
919,0,1,33,1,125535,1,2
920,0,0,39,1,153223,2,2
921,1,1,28,1,106873,1,1
922,0,0,37,1,268906,2,1
923,1,1,22,1,97757,1,2
924,0,0,30,0,112151,1,1
925,0,1,55,2,172909,1,0
926,0,0,46,1,103387,1,1
927,1,1,21,1,93916,1,2
928,0,0,39,1,189963,1,2
929,0,0,58,2,124191,1,0
930,0,0,43,1,77205,0,0
931,0,0,24,0,65917,0,0
932,1,1,22,1,109676,1,0
933,0,0,30,0,95682,1,2
934,0,0,42,1,125516,1,2
935,1,1,23,1,99822,1,0
936,0,0,30,0,154854,2,1
937,1,1,28,1,84582,0,0
938,0,1,30,1,145800,2,0
939,0,0,42,1,162869,1,1
940,0,0,46,1,192379,2,2
941,0,0,45,1,159757,2,2
942,0,0,31,0,69571,0,0
943,0,0,31,0,93648,1,2
944,0,0,42,1,77472,0,0
945,1,1,46,2,121501,1,0
946,1,1,30,1,207262,1,0
947,0,0,30,0,143082,1,2
948,0,0,38,1,147760,2,1
949,0,1,43,2,82082,0,0
950,0,0,31,0,132991,1,1
951,0,1,40,1,78436,0,0
952,0,0,24,0,99737,1,2
953,1,1,28,1,164915,1,0
954,1,1,26,1,223185,2,1
955,1,1,29,1,108400,1,2
956,1,1,57,2,194882,2,1
957,0,0,49,1,122186,0,0
958,0,0,37,1,79594,0,0
959,0,0,45,1,104355,0,0
960,0,0,30,0,135894,1,2
961,0,1,30,1,103699,1,1
962,0,1,47,2,132145,1,1
963,0,0,29,0,117272,1,2
964,0,0,35,1,137932,1,0
965,0,1,22,1,63972,0,0
966,1,1,26,1,113299,1,2
967,0,0,23,0,108540,0,0
968,1,1,54,2,174424,2,2
969,0,1,29,1,154991,1,2
970,0,0,40,1,99723,0,0
971,0,0,22,0,114584,1,2
972,0,0,43,1,135275,0,0
973,1,1,29,1,41680,0,0
974,0,0,36,1,158769,1,1
975,1,1,33,1,120596,1,0
976,1,1,57,2,139641,0,0
977,1,1,64,3,134377,1,0
978,0,0,42,1,125804,1,2
979,0,0,47,1,91858,0,0
980,0,1,25,1,117641,1,2
981,0,0,49,1,188594,1,1
982,0,0,33,1,162827,2,2
983,1,1,28,1,178991,2,2
984,0,0,26,0,159739,1,1
985,0,0,30,0,73401,0,0
986,1,1,25,1,100794,1,2
987,0,1,33,1,167763,1,1
988,1,1,64,3,145174,1,0
989,0,0,29,0,176292,2,1
990,0,0,48,1,94024,0,0
991,0,0,37,1,93740,0,0
992,0,0,34,1,85685,0,0
993,0,1,23,1,69997,0,0
994,0,0,30,0,151938,2,2
995,0,0,50,1,122830,1,1
996,1,1,31,1,78489,0,0
997,0,1,40,1,161999,2,1
998,0,0,38,1,98032,1,2
999,0,0,23,0,96060,1,0
1000,0,0,27,0,147968,1,1
1001,1,1,63,2,134853,1,1
1002,0,0,66,2,157576,2,2
1003,0,1,43,2,203738,2,1
1004,0,1,44,2,280570,2,2
1005,0,1,65,3,69487,0,2
1006,1,1,73,3,214126,2,1
1007,0,0,60,2,136671,1,1
1008,0,1,62,2,174337,1,1
1009,1,1,58,2,126710,1,1
1010,1,1,43,2,167139,2,2
1011,0,0,64,2,122094,1,2
1012,0,1,37,3,170113,2,2
1013,1,1,46,2,192698,2,1
1014,0,1,57,2,144197,1,2
1015,0,1,51,2,133623,1,1
1016,1,1,32,3,171052,2,2
1017,0,0,64,2,130492,1,2
1018,0,0,68,2,135705,1,1
1019,1,1,55,2,171804,2,2
1020,0,0,73,2,192167,2,1
1021,1,1,34,3,134377,1,2
1022,0,1,44,2,146716,1,1
1023,0,0,58,2,267872,1,1
1024,1,1,65,2,142193,0,1
1025,1,1,56,2,183765,1,1
1026,1,1,42,2,218664,2,2
1027,1,1,65,3,145174,1,2
1028,0,0,72,2,224961,2,2
1029,1,1,45,2,262634,2,2
1030,0,0,68,2,287106,2,2
1031,0,0,60,2,166298,2,1
1032,1,1,30,3,133328,0,2
1033,0,0,63,2,129798,1,1
1034,0,0,57,2,281084,2,1
1035,1,1,46,2,160678,1,2
1036,1,1,70,3,167532,1,1
1037,0,0,65,2,178591,1,2
1038,0,0,63,2,273063,2,2
1039,0,1,54,2,149410,1,2
1040,0,1,49,2,124658,1,2
1041,1,1,64,2,153645,1,2
1042,1,1,61,2,308529,2,2
1043,1,1,57,2,155062,1,2
1044,1,1,42,2,199654,1,2
1045,0,0,62,2,124723,1,2
1046,1,1,41,2,127752,1,2
1047,1,1,51,2,157595,2,1
1048,1,1,38,2,135534,1,2
1049,1,1,56,2,166264,2,2
1050,1,1,43,2,147259,1,1
1051,1,1,48,2,161116,1,1
1052,0,0,61,2,139380,1,1
1053,0,1,48,2,213768,2,2
1054,0,0,68,2,125903,1,2
1055,1,1,62,2,163940,1,1
1056,1,1,56,2,173378,2,2
1057,1,1,53,2,126847,1,1
1058,0,1,33,3,166712,1,2
1059,1,1,60,2,189166,1,1
1060,1,1,47,2,161714,1,1
1061,0,1,25,3,214364,2,2
1062,0,0,64,2,184680,1,1
1063,0,0,73,2,214732,2,1
1064,0,1,66,2,152527,1,1
1065,1,1,76,3,170366,2,1
1066,1,1,60,2,194532,2,1
1067,1,1,57,2,125883,1,2
1068,0,1,30,3,131242,1,2
1069,0,1,43,2,159880,2,1
1070,0,0,57,2,165519,1,2
1071,0,1,51,2,149653,1,1
1072,1,1,61,2,134102,1,1
1073,0,0,64,2,159378,2,2
1074,0,1,41,2,205476,2,1
1075,0,1,43,2,280566,2,2
1076,0,1,67,3,71823,0,2
1077,1,1,71,3,211572,2,1
1078,0,0,59,2,136123,1,1
1079,0,1,60,2,176372,1,1
1080,1,1,60,2,128271,1,1
1081,1,1,45,2,169020,2,2
1082,0,0,63,2,122267,1,2
1083,0,1,38,3,169324,2,2
1084,1,1,46,2,192561,2,1
1085,0,1,55,2,145781,1,2
1086,0,1,50,2,135376,1,1
1087,1,1,30,3,169002,2,2
1088,0,0,63,2,128469,1,2
1089,0,0,67,2,135567,1,1
1090,1,1,54,2,170644,2,2
1091,0,0,71,2,192360,2,1
1092,1,1,32,3,133235,1,2
1093,1,1,45,2,260847,2,2
1094,0,0,65,2,285647,2,2
1095,0,0,62,2,164816,2,1
1096,1,1,28,3,130148,0,2
1097,0,0,65,2,129838,1,1
1098,0,0,57,2,281647,2,1
1099,1,1,48,2,157305,1,2
1100,1,1,71,3,163654,1,1
1101,0,0,38,1,82398,1,1
1102,0,1,40,1,107710,1,1
1103,0,0,49,1,122346,1,1
1104,0,1,32,1,155540,2,1
1105,0,0,45,1,127572,1,1
1106,0,0,40,1,154031,2,1
1107,0,0,66,2,164931,2,2
1108,0,0,38,1,123003,1,2
1109,0,1,20,1,89605,1,1
1110,0,0,48,1,117721,1,1
1111,0,1,46,2,168904,2,1
1112,0,0,32,1,137576,2,2
1113,0,0,54,1,111274,1,1
1114,0,1,24,1,94249,2,2
1115,0,1,27,1,180940,2,1
1116,0,0,57,1,125032,1,2
1117,0,0,38,1,138011,2,1
1118,0,0,40,1,144850,1,1
1119,0,1,20,1,107270,1,2
1120,0,0,36,1,113405,2,2
1121,0,0,47,1,137338,1,2
1122,0,0,64,2,125119,0,2
1123,0,0,42,1,159745,2,2
1124,0,0,44,1,181262,2,2
1125,0,1,30,1,90500,2,2
1126,0,0,37,1,102733,1,1
1127,0,0,42,1,135493,1,2
1128,0,1,62,2,169044,1,1
1129,0,0,49,1,178549,1,2
1130,0,0,52,1,159716,1,2
1131,0,1,36,1,170118,2,1
1132,0,0,49,1,143886,0,1
1133,0,0,42,1,130164,2,2
1134,0,0,38,1,114476,1,1
1135,0,0,50,1,126143,1,1
1136,0,1,34,1,129654,2,2
1137,0,0,43,1,123202,1,2
1138,0,0,40,1,160524,1,1
1139,0,0,56,2,126906,1,1
1140,0,0,41,1,143994,2,2
1141,0,1,30,1,123517,2,2
1142,0,1,28,1,129055,1,2
1143,0,0,64,2,136312,0,2
1144,0,0,67,2,112486,1,2
1145,0,0,37,1,152401,2,1
1146,0,0,31,1,157453,2,1
1147,0,0,32,1,142870,2,2
1148,0,1,52,2,137231,1,2
1149,0,1,31,1,104406,1,1
1150,0,0,36,1,145385,2,1
1151,0,1,32,1,146519,2,1
1152,0,0,51,1,126227,1,2
1153,0,0,47,1,112227,2,1
1154,0,1,34,1,110145,1,2
1155,0,1,46,2,149419,1,1
1156,0,1,42,1,176646,1,1
1157,0,0,39,1,91019,2,1
1158,0,0,50,1,169579,1,2
1159,0,0,42,1,142305,1,2
1160,0,1,36,1,130602,1,1
1161,0,1,18,1,98992,1,1
1162,0,0,35,1,181926,2,2
1163,0,0,38,1,152864,1,2
1164,0,0,39,1,135837,2,2
1165,0,1,24,1,121757,0,2
1166,0,0,41,1,182274,1,1
1167,0,0,36,1,149040,2,2
1168,0,0,37,1,154196,2,2
1169,0,1,45,2,135332,1,1
1170,0,0,41,1,134200,2,2
1171,0,0,36,1,177171,2,2
1172,0,0,38,1,115964,0,2
1173,0,0,38,1,136871,0,1
1174,0,1,53,2,159559,2,2
1175,0,0,35,1,113878,1,2
1176,0,0,48,1,171203,2,2
1177,0,0,36,1,102180,1,2
1178,0,1,22,1,116844,2,1
1179,0,0,35,1,139844,2,2
1180,0,0,42,1,156431,0,1
1181,0,0,39,1,116137,0,1
1182,0,0,31,1,143081,1,1
1183,0,0,33,1,155870,2,2
1184,0,1,31,1,106924,0,1
1185,0,0,42,1,102133,1,1
1186,0,0,61,2,145227,0,1
1187,0,0,38,1,159500,2,2
1188,0,0,33,1,98498,0,1
1189,0,0,48,1,159714,1,2
1190,0,0,31,1,121852,0,1
1191,0,0,52,1,141271,2,2
1192,0,1,27,1,123213,1,2
1193,0,0,40,1,143723,2,1
1194,0,0,34,1,112538,0,1
1195,0,1,26,1,97932,2,2
1196,0,0,30,1,154003,0,1
1197,0,0,53,1,177179,1,1
1198,0,0,45,1,128052,1,2
1199,0,0,32,1,114617,2,1
1200,0,0,35,1,182822,2,2
1201,0,1,26,1,177215,1,2
1202,0,0,30,1,110929,1,1
1203,0,0,37,1,111821,1,1
1204,0,0,32,1,97306,2,1
1205,0,1,40,1,157231,1,1
1206,0,0,44,1,126906,0,2
1207,0,0,43,1,133243,1,2
1208,0,0,51,1,112250,1,1
1209,0,0,37,1,104349,0,1
1210,0,0,33,1,151421,1,2
1211,0,1,32,1,178081,2,1
1212,0,0,35,1,110181,0,2
1213,0,1,30,1,113012,1,1
1214,0,1,35,1,154585,2,2
1215,0,0,40,1,144704,2,1
1216,0,0,37,1,141632,2,2
1217,0,0,37,1,105055,1,2
1218,0,0,37,1,124597,1,2
1219,0,0,53,1,160164,2,1
1220,0,0,34,1,151754,2,1
1221,0,0,51,1,155551,1,1
1222,0,1,26,1,94986,1,2
1223,0,0,34,1,175800,0,1
1224,0,0,51,1,126246,2,1
1225,0,0,33,1,116261,1,2
1226,0,1,32,1,117796,0,2
1227,0,0,39,1,115363,1,1
1228,0,0,53,1,169076,1,1
1229,0,0,34,1,97474,2,2
1230,0,0,37,1,140341,1,2
1231,0,1,28,1,114503,1,1
1232,0,1,25,1,102937,1,2
1233,0,0,36,1,151781,2,2
1234,0,1,36,1,123133,1,2
1235,0,0,35,1,118879,1,2
1236,0,1,21,1,158683,1,1
1237,0,1,29,1,107514,1,2
1238,0,0,60,2,193879,1,1
1239,0,0,45,1,135043,1,1
1240,0,1,56,2,108559,0,1
1241,0,1,30,1,121038,1,2
1242,0,0,52,1,151947,2,2
1243,0,1,26,1,118820,1,1
1244,0,0,43,1,121517,1,1
1245,0,0,34,1,113572,1,1
1246,0,1,22,1,131170,1,2
1247,0,0,42,1,92430,0,1
1248,0,0,38,1,124554,0,1
1249,0,1,29,1,115988,1,2
1250,0,0,44,1,107301,1,2
1251,0,1,29,1,103767,2,1
1252,0,0,44,1,141493,1,2
1253,0,0,38,1,154339,1,2
1254,0,1,26,1,112369,0,1
1255,0,0,53,1,158193,1,1
1256,0,0,43,1,143734,1,1
1257,0,0,33,1,121890,1,1
1258,0,0,52,1,127609,0,1
1259,0,1,26,1,94650,0,2
1260,0,0,38,1,175504,2,1
1261,0,0,47,1,165495,1,2
1262,0,1,26,1,120389,1,1
1263,0,1,36,1,165340,1,1
1264,0,0,36,1,119804,1,1
1265,0,0,57,2,154344,2,1
1266,0,1,31,1,106266,2,2
1267,0,0,45,1,136129,1,1
1268,0,0,40,1,151914,2,1
1269,0,1,21,1,121473,1,1
1270,0,0,46,1,127147,1,2
1271,0,0,35,1,125387,1,2
1272,0,1,31,1,139490,0,2
1273,0,0,51,1,124990,1,2
1274,0,1,21,1,101471,2,1
1275,0,0,48,1,155708,1,1
1276,0,0,48,1,142345,1,2
1277,0,0,68,2,148675,0,1
1278,0,1,45,2,116484,1,2
1279,0,0,35,1,150237,2,2
1280,0,1,22,1,100273,1,2
1281,0,0,44,1,122292,0,1
1282,0,0,52,1,159216,1,1
1283,0,0,48,1,130082,1,2
1284,0,0,33,1,139547,1,2
1285,0,1,35,1,122895,1,1
1286,0,1,64,2,154549,1,1
1287,0,0,58,1,149315,0,2
1288,0,1,24,1,118101,0,2
1289,0,0,40,1,115831,0,2
1290,0,0,49,1,118571,2,2
1291,0,0,31,1,138906,1,2
1292,0,0,46,1,98520,1,2
1293,0,0,46,1,106576,1,1
1294,0,0,49,1,121592,1,1
1295,0,0,29,1,135605,0,1
1296,0,0,37,1,114552,1,2
1297,0,0,33,1,151339,2,1
1298,0,0,71,2,170387,1,2
1299,0,0,35,1,118288,1,2
1300,0,0,40,1,109992,1,2
1301,1,0,27,1,90654,0,0
1302,1,0,61,2,113290,0,0
1303,1,1,29,1,100093,1,1
1304,1,0,33,1,109489,1,0
1305,1,0,56,2,139427,0,0
1306,1,1,27,1,123411,1,1
1307,1,1,22,1,137925,1,0
1308,1,1,19,1,99119,1,0
1309,1,1,28,1,91084,1,1
1310,1,1,24,1,110137,1,1
1311,1,1,27,1,67041,0,0
1312,1,1,30,1,127299,1,1
1313,1,0,26,1,84555,0,0
1314,1,1,26,1,123895,1,0
1315,1,1,23,1,94324,1,1
1316,1,1,28,1,96062,1,0
1317,1,1,67,3,144843,1,0
1318,1,1,27,1,107485,1,1
1319,1,1,32,1,98573,1,0
1320,1,0,24,1,107462,0,0
1321,1,1,28,1,115809,1,1
1322,1,0,48,2,118749,0,0
1323,1,1,32,1,139112,1,1
1324,1,1,25,1,94075,1,0
1325,1,1,57,2,62002,0,0
1326,1,1,28,1,127262,1,0
1327,1,1,24,1,122846,1,1
1328,1,1,25,1,61907,0,0
1329,1,0,31,1,89287,0,0
1330,1,0,33,1,103696,1,1
1331,1,1,50,2,147603,1,0
1332,1,1,58,2,139229,0,1
1333,1,1,27,1,107932,0,0
1334,1,1,48,2,116235,0,0
1335,1,1,22,1,85974,0,0
1336,1,1,40,1,124001,0,0
1337,1,1,32,1,121428,1,0
1338,1,0,25,1,93233,0,0
1339,1,1,27,1,67965,0,0
1340,1,1,27,1,88001,0,0
1341,1,1,23,1,129112,1,0
1342,1,1,32,1,109324,1,1
1343,1,1,25,1,112785,1,1
1344,1,1,46,2,136735,0,0
1345,1,1,21,1,107779,1,1
1346,1,1,29,1,103526,1,0
1347,1,1,31,1,93171,0,0
1348,1,0,26,1,106559,0,0
1349,1,1,23,1,112728,1,1
1350,1,0,38,1,102855,1,1
1351,1,0,35,1,85381,0,0
1352,1,1,27,1,100762,1,1
1353,1,1,22,1,131445,1,1
1354,1,1,52,2,123194,1,0
1355,1,1,19,1,99519,1,1
1356,1,1,23,1,112853,1,0
1357,1,0,42,1,110509,1,0
1358,1,1,27,1,106446,1,1
1359,1,1,39,2,89665,0,0
1360,1,1,50,2,128233,1,1
1361,1,1,36,1,133615,1,0
1362,1,1,25,1,115833,1,1
1363,1,1,27,1,65560,0,0
1364,1,1,30,1,118642,1,0
1365,1,0,22,1,63635,0,0
1366,1,1,27,1,122649,1,1
1367,1,0,31,1,143321,2,1
1368,1,1,29,1,99556,1,0
1369,1,0,34,1,36760,0,0
1370,1,0,33,1,71935,0,0
1371,1,1,26,1,114977,1,0
1372,1,1,36,1,147691,1,1
1373,1,1,26,1,54296,0,0
1374,1,1,39,1,80014,0,0
1375,1,1,44,2,77887,0,0
1376,1,1,46,2,98517,0,0
1377,1,1,31,1,103012,0,0
1378,1,0,26,1,121377,1,0
1379,1,1,22,1,91359,1,1
1380,1,0,48,2,104833,0,0
1381,1,1,27,1,101209,1,0
1382,1,0,30,1,58207,0,0
1383,1,1,27,1,116708,1,1
1384,1,1,36,1,107471,1,1
1385,1,1,31,1,128495,1,0
1386,1,0,21,1,124468,1,0
1387,1,1,26,1,106922,1,1
1388,1,0,24,1,104291,1,0
1389,1,1,29,1,98204,1,0
1390,1,1,32,1,127071,1,0
1391,1,1,45,2,85115,0,0
1392,1,1,58,2,104013,0,0
1393,1,1,25,1,89863,1,0
1394,1,1,67,3,135300,1,0
1395,1,1,53,2,107861,0,0
1396,1,1,24,1,123994,1,0
1397,1,0,20,1,91270,0,0
1398,1,1,71,3,133245,0,0
1399,1,1,31,1,118594,1,1
1400,1,1,27,1,40606,0,0
1401,1,1,36,1,129304,0,0
1402,1,1,25,1,113118,1,0
1403,1,0,41,1,133131,1,0
1404,1,1,30,1,106876,1,1
1405,1,1,32,1,130870,1,1
1406,1,1,29,1,125621,0,0
1407,1,0,27,1,78923,0,0
1408,1,1,32,1,123983,1,0
1409,1,1,25,1,75184,0,0
1410,1,0,24,1,109693,1,0
1411,1,1,63,2,86273,0,0
1412,1,0,42,2,113190,0,0
1413,1,1,22,1,109274,0,0
1414,1,1,46,2,143489,1,1
1415,1,1,24,1,99570,1,1
1416,1,0,30,1,139468,1,1
1417,1,1,44,2,108627,0,0
1418,1,0,25,1,106355,1,0
1419,1,1,27,1,96952,1,0
1420,1,1,27,1,141502,1,1
1421,1,1,34,1,110420,1,1
1422,1,1,18,1,97741,1,1
1423,1,1,25,1,99583,1,1
1424,1,1,21,1,63698,0,0
1425,1,1,26,1,116688,1,1
1426,1,1,27,1,131542,2,1
1427,1,0,25,1,136055,1,1
1428,1,1,30,1,100195,1,1
1429,1,0,66,3,131001,1,0
1430,1,1,25,1,104062,1,1
1431,1,1,43,2,137689,1,0
1432,1,1,35,1,137705,1,1
1433,1,0,70,3,69915,0,0
1434,1,0,35,1,68731,0,0
1435,1,1,26,1,105726,1,0
1436,1,0,29,1,78078,0,0
1437,1,1,22,1,110835,0,0
1438,1,0,26,1,115531,1,1
1439,1,1,36,1,92723,0,0
1440,1,1,35,1,107509,1,1
1441,1,1,28,1,116763,1,1
1442,1,1,24,1,100733,1,0
1443,1,1,34,1,92652,0,0
1444,1,1,25,1,106987,1,0
1445,1,1,54,2,51882,0,0
1446,1,0,46,2,104751,0,0
1447,1,1,42,1,50947,0,0
1448,1,0,45,2,126986,0,0
1449,1,0,48,2,110223,0,0
1450,1,0,21,1,100591,0,0
1451,1,1,31,1,123257,1,0
1452,1,0,35,1,137736,1,1
1453,1,1,36,1,110221,1,1
1454,1,1,32,1,99703,0,0
1455,1,1,26,1,106667,0,0
1456,1,1,34,1,143319,1,0
1457,1,1,65,2,135557,1,1
1458,1,1,50,2,93390,0,0
1459,1,1,39,1,97577,1,0
1460,1,0,52,2,124196,0,0
1461,1,1,36,1,81136,0,0
1462,1,1,29,1,119439,1,0
1463,1,1,36,1,145231,1,1
1464,1,1,36,1,85623,0,0
1465,1,1,27,1,145373,1,1
1466,1,1,36,1,135896,2,1
1467,1,1,26,1,106470,1,1
1468,1,0,57,2,113334,1,1
1469,1,0,27,1,100560,0,0
1470,1,1,58,2,108442,0,0
1471,1,1,27,1,64472,0,0
1472,1,1,49,2,120207,1,0
1473,1,1,43,2,101680,1,0
1474,1,0,45,2,92342,0,0
1475,1,1,27,1,98611,0,0
1476,1,1,34,1,97613,1,1
1477,1,1,21,1,82298,0,0
1478,1,1,54,2,125302,1,1
1479,1,1,43,2,108725,0,0
1480,1,0,25,1,85569,0,0
1481,1,0,57,2,110372,0,0
1482,1,1,26,1,100511,1,1
1483,1,0,30,1,110455,1,0
1484,1,0,58,2,141993,0,0
1485,1,1,25,1,121789,1,1
1486,1,1,23,1,138967,1,0
1487,1,0,22,1,105230,1,0
1488,1,1,21,1,90656,1,1
1489,1,1,20,1,115445,1,1
1490,1,1,22,1,59955,0,0
1491,1,0,27,1,126268,1,1
1492,1,0,24,1,80830,0,0
1493,1,1,23,1,123625,1,0
1494,1,1,26,1,102543,1,1
1495,1,0,28,1,101948,1,0
1496,1,1,64,3,142280,1,0
1497,1,1,26,1,105434,1,1
1498,1,1,31,1,106115,1,0
1499,1,0,28,1,111057,0,0
1500,1,1,25,1,117758,1,1
1501,1,0,49,2,118396,0,0
1502,1,1,33,1,136260,1,1
1503,1,0,27,1,97192,1,0
1504,1,1,59,2,62101,0,0
1505,1,1,28,1,123497,1,0
1506,1,1,24,1,120326,1,1
1507,1,1,26,1,66645,0,0
1508,1,0,33,1,83429,0,0
1509,1,0,37,1,107539,1,1
1510,1,1,46,2,153880,1,0
1511,1,1,62,2,140178,0,1
1512,1,0,26,1,100402,0,0
1513,1,1,49,2,122158,0,0
1514,1,1,25,1,89331,0,0
1515,1,1,37,1,125359,0,0
1516,1,0,31,1,124110,1,0
1517,1,0,25,1,93526,0,0
1518,1,1,21,1,70170,0,0
1519,1,1,27,1,82357,0,0
1520,1,1,29,1,126745,1,0
1521,1,1,30,1,103326,1,1
1522,1,1,26,1,116048,1,1
1523,1,1,40,2,137115,0,0
1524,1,1,23,1,105365,1,1
1525,1,1,31,1,95911,1,0
1526,1,1,29,1,88669,0,0
1527,1,0,22,1,103776,0,0
1528,1,1,26,1,108864,1,1
1529,1,0,39,1,106037,1,1
1530,1,0,35,1,84851,0,0
1531,1,1,26,1,95748,1,1
1532,1,1,28,1,133616,1,1
1533,1,1,56,2,132752,1,0
1534,1,1,22,1,95712,1,1
1535,1,1,26,1,109063,1,0
1536,1,0,41,1,113521,1,0
1537,1,1,29,1,109380,1,1
1538,1,1,42,2,82558,0,0
1539,1,1,50,2,124777,1,1
1540,1,1,33,1,133542,1,0
1541,1,1,28,1,116492,1,1
1542,1,1,27,1,68834,0,0
1543,1,1,27,1,124023,1,0
1544,1,0,28,1,63882,0,0
1545,1,1,24,1,122492,1,1
1546,1,0,28,1,141453,2,1
1547,1,1,32,1,99327,1,0
1548,1,0,32,1,45590,0,0
1549,1,0,30,1,71167,0,0
1550,1,1,29,1,111992,1,0
1551,1,1,37,1,145140,1,1
1552,1,1,24,1,49672,0,0
1553,1,1,36,1,75536,0,0
1554,1,1,40,2,86720,0,0
1555,1,1,51,2,97729,0,0
1556,1,1,33,1,106808,0,0
1557,1,0,31,1,117971,1,0
1558,1,1,29,1,97731,1,1
1559,1,0,48,2,109196,0,0
1560,1,1,25,1,94905,1,0
1561,1,0,28,1,57480,0,0
1562,1,1,23,1,109175,1,1
1563,1,1,32,1,111174,1,1
1564,1,1,34,1,127255,1,0
1565,1,0,23,1,115499,1,0
1566,1,1,25,1,109499,1,1
1567,1,0,25,1,104696,1,0
1568,1,1,27,1,104467,1,0
1569,1,1,29,1,120157,1,0
1570,1,1,46,2,81200,0,0
1571,1,1,61,2,97558,0,0
1572,1,1,25,1,95914,1,0
1573,1,1,67,3,128053,1,0
1574,1,1,49,2,101734,0,0
1575,1,1,21,1,126009,1,0
1576,1,0,19,1,91232,0,0
1577,1,1,67,3,128343,0,0
1578,1,1,31,1,110040,1,1
1579,1,1,27,1,38247,0,0
1580,1,1,37,1,129027,0,0
1581,1,1,27,1,115026,1,0
1582,1,0,36,1,130323,1,0
1583,1,1,24,1,103181,1,1
1584,1,1,31,1,138307,1,1
1585,1,1,29,1,122564,0,0
1586,1,0,28,1,82351,0,0
1587,1,1,34,1,125351,1,0
1588,1,1,26,1,82940,0,0
1589,1,0,21,1,108029,1,0
1590,1,1,63,2,82734,0,0
1591,1,0,38,2,116816,0,0
1592,1,1,20,1,113472,0,0
1593,1,1,44,2,143343,1,1
1594,1,1,31,1,104074,1,1
1595,1,0,33,1,138525,1,1
1596,1,1,49,2,106960,0,0
1597,1,0,26,1,108323,1,0
1598,1,1,28,1,95784,1,0
1599,1,1,30,1,140673,1,1
1600,1,1,36,1,104235,1,1
1601,1,1,27,1,54041,0,0
1602,0,0,23,0,107961,0,0
1603,0,0,31,0,113757,1,0
1604,1,1,27,1,94884,1,0
1605,1,1,25,1,126041,1,0
1606,1,1,23,1,64952,0,0
1607,0,1,27,1,66764,0,0
1608,1,0,38,1,67861,0,0
1609,0,0,44,1,113516,0,0
1610,1,1,42,1,46109,0,0
1611,1,1,25,1,103651,0,0
1612,0,1,40,1,75043,0,0
1613,1,1,24,1,116473,0,0
1614,1,0,39,1,96614,0,0
1615,0,0,24,0,66447,0,0
1616,1,0,50,1,119068,1,0
1617,1,1,28,1,122973,0,0
1618,1,1,36,1,81609,0,0
1619,0,0,36,1,105519,1,0
1620,1,1,40,1,86649,0,0
1621,1,0,31,0,76384,0,0
1622,0,1,27,1,67136,0,0
1623,1,1,35,1,93155,0,0
1624,0,0,51,1,124183,0,0
1625,1,0,26,0,64860,0,0
1626,0,0,33,1,87232,0,0
1627,1,1,27,1,92304,0,0
1628,0,0,38,1,84254,0,0
1629,1,0,30,0,106696,1,0
1630,0,0,28,0,113212,1,0
1631,0,0,23,0,71076,0,0
1632,1,1,23,1,114270,0,0
1633,1,1,26,1,125538,1,0
1634,1,1,21,1,92442,0,0
1635,1,0,36,1,75297,0,0
1636,1,1,24,1,65707,0,0
1637,0,0,41,1,120387,1,0
1638,0,0,42,1,120946,1,0
1639,0,0,27,0,73265,0,0
1640,0,1,40,1,77481,0,0
1641,1,1,34,1,91282,0,0
1642,0,0,40,1,104405,0,0
1643,0,0,33,1,99646,1,0
1644,1,0,49,1,97791,0,0
1645,0,0,28,0,81878,0,0
1646,1,1,26,1,107908,1,0
1647,1,0,40,1,98608,0,0
1648,0,0,47,1,95228,0,0
1649,1,1,41,1,128163,1,0
1650,1,1,29,1,94325,0,0
1651,1,1,37,1,90815,0,0
1652,0,0,31,0,120719,1,0
1653,0,0,35,1,110159,1,0
1654,0,0,35,1,124490,1,0
1655,1,1,29,1,75161,0,0
1656,1,0,37,1,127206,1,0
1657,0,0,37,1,83660,0,0
1658,1,1,26,1,87400,0,0
1659,1,1,28,1,78942,0,0
1660,1,1,23,1,88452,0,0
1661,0,0,38,1,104128,1,0
1662,1,1,30,1,100313,1,0
1663,1,0,45,1,107387,1,0
1664,0,0,24,0,84355,0,0
1665,1,0,35,1,112723,1,0
1666,1,1,41,1,115892,1,0
1667,0,1,30,1,106597,1,0
1668,1,1,30,1,121327,1,0
1669,1,1,26,1,92559,0,0
1670,1,1,25,1,87537,0,0
1671,1,1,23,1,70569,0,0
1672,1,1,27,1,85294,0,0
1673,1,0,26,0,70905,0,0
1674,0,0,25,0,103716,0,0
1675,0,1,27,1,94947,1,0
1676,1,0,42,1,80116,0,0
1677,0,0,35,1,86492,0,0
1678,1,1,25,1,88672,0,0
1679,1,1,26,1,82984,0,0
1680,0,0,38,1,128100,1,0
1681,1,0,28,0,72869,0,0
1682,0,1,33,1,112227,1,0
1683,1,0,40,1,94674,0,0
1684,1,1,23,1,101003,1,0
1685,1,0,25,0,112924,1,0
1686,1,0,28,0,108645,0,0
1687,0,0,41,1,69415,0,0
1688,1,0,50,1,112204,0,0
1689,1,1,23,1,109700,1,0
1690,1,1,26,1,104484,1,0
1691,1,1,22,1,61239,0,0
1692,0,0,37,1,119602,0,0
1693,1,0,38,1,81014,0,0
1694,1,1,22,1,68165,0,0
1695,1,0,30,0,88652,0,0
1696,0,0,38,1,75705,0,0
1697,1,1,36,1,104189,1,0
1698,0,0,41,1,71603,0,0
1699,1,1,29,1,121914,1,0
1700,1,1,31,1,106637,1,0
1701,1,0,31,0,99800,1,0
1702,1,0,21,0,67629,0,0
1703,0,0,32,0,120354,1,0
1704,1,1,35,1,122110,1,0
1705,0,0,29,0,89170,0,0
1706,1,0,34,1,109195,1,0
1707,1,0,38,1,92392,0,0
1708,1,1,33,1,43805,0,0
1709,1,1,28,1,68389,0,0
1710,1,1,28,1,112521,1,0
1711,0,0,21,0,59255,0,0
1712,1,1,29,1,98612,0,0
1713,1,1,26,1,70649,0,0
1714,1,0,40,1,95228,0,0
1715,1,0,25,0,46865,0,0
1716,0,1,20,1,101688,1,0
1717,1,1,23,1,62618,0,0
1718,1,0,27,0,102531,1,0
1719,1,0,36,1,100737,1,0
1720,1,1,25,1,107321,1,0
1721,1,1,25,1,112879,0,0
1722,1,1,34,1,125372,0,0
1723,1,0,24,0,69419,0,0
1724,1,0,36,1,124759,1,0
1725,1,0,40,1,79076,0,0
1726,0,0,39,1,84779,0,0
1727,1,0,42,1,77393,0,0
1728,0,0,35,1,113187,0,0
1729,1,1,27,1,99100,1,0
1730,0,0,27,0,64954,0,0
1731,1,1,23,1,103244,1,0
1732,1,1,32,1,124975,1,0
1733,0,1,28,1,133582,1,0
1734,0,0,22,0,103519,1,0
1735,0,0,31,0,117813,1,0
1736,1,1,22,1,119902,1,0
1737,0,0,23,0,70783,0,0
1738,1,1,35,1,125470,0,0
1739,1,1,26,1,109782,0,0
1740,1,1,28,1,78322,0,0
1741,0,0,54,1,125517,1,0
1742,1,0,49,1,102463,0,0
1743,1,0,38,1,89309,0,0
1744,1,0,47,1,110287,1,0
1745,1,0,49,1,122391,0,0
1746,1,1,30,1,116399,1,0
1747,1,0,32,0,81907,0,0
1748,1,1,24,1,97909,0,0
1749,1,0,25,0,68051,0,0
1750,0,0,33,1,82414,0,0
1751,1,1,34,1,123089,1,0
1752,1,1,24,1,66537,0,0
1753,1,0,36,1,127926,0,0
1754,1,0,41,1,78963,0,0
1755,0,1,33,1,108694,1,0
1756,1,1,26,1,100892,1,0
1757,1,0,36,1,119560,1,0
1758,1,0,35,1,116176,0,0
1759,0,0,29,0,111854,1,0
1760,1,1,26,1,69831,0,0
1761,0,0,31,0,69375,0,0
1762,0,1,26,1,71310,0,0
1763,0,0,47,1,73913,0,0
1764,0,1,20,1,95492,1,0
1765,0,0,45,1,109329,0,0
1766,0,0,36,1,116027,1,0
1767,0,1,31,1,81987,0,0
1768,1,0,41,1,83481,0,0
1769,1,0,31,0,72361,0,0
1770,1,1,27,1,106625,0,0
1771,1,1,32,1,123707,1,0
1772,1,0,43,1,79353,0,0
1773,1,0,32,0,68347,0,0
1774,1,1,29,1,115832,1,0
1775,0,0,37,1,89946,0,0
1776,1,0,35,1,86319,0,0
1777,1,1,23,1,70963,0,0
1778,0,0,40,1,106120,1,0
1779,1,1,26,1,97856,1,0
1780,0,0,28,0,61824,0,0
1781,1,1,40,1,103907,1,0
1782,1,1,26,1,99953,0,0
1783,1,1,23,1,113413,1,0
1784,0,0,26,0,107091,0,0
1785,0,0,26,0,124783,1,0
1786,1,0,49,1,92281,0,0
1787,1,1,26,1,96219,1,0
1788,1,0,35,1,86221,0,0
1789,1,1,24,1,80962,0,0
1790,1,0,46,1,78754,0,0
1791,0,0,26,0,60026,0,0
1792,0,0,47,1,88157,0,0
1793,0,0,27,0,59881,0,0
1794,0,1,41,1,112818,1,0
1795,1,1,29,1,102250,1,0
1796,1,1,28,1,38980,0,0
1797,1,1,33,1,81807,0,0
1798,1,0,50,1,93148,0,0
1799,1,1,32,1,108032,1,0
1800,0,1,31,1,89335,0,0
1801,0,0,52,1,95639,0,0
1802,0,0,53,1,124902,1,0
1803,1,1,34,1,87801,0,0
1804,1,1,22,1,92538,1,0
1805,0,1,33,1,83687,0,0
1806,0,0,32,0,128310,1,0
1807,1,0,45,1,104754,0,0
1808,0,1,25,1,68222,0,0
1809,1,1,41,1,97006,0,0
1810,1,0,36,1,107372,0,0
1811,1,1,27,1,110511,1,0
1812,0,0,40,1,72193,0,0
1813,1,0,37,1,95972,0,0
1814,0,0,35,1,105556,0,0
1815,0,0,34,1,88701,0,0
1816,1,0,28,0,117710,1,0
1817,1,0,44,1,76057,0,0
1818,0,1,27,1,100392,1,0
1819,1,0,50,1,113308,1,0
1820,1,1,18,1,100924,1,0
1821,1,0,25,0,72188,0,0
1822,1,1,40,1,70431,0,0
1823,0,1,28,1,110103,1,0
1824,1,1,23,1,60825,0,0
1825,1,1,35,1,75100,0,0
1826,1,1,28,1,129327,1,0
1827,1,0,23,0,95541,1,0
1828,0,1,34,1,112777,1,0
1829,1,1,29,1,51496,0,0
1830,1,0,35,1,102781,1,0
1831,1,1,32,1,87494,0,0
1832,1,0,46,1,72728,0,0
1833,1,1,27,1,114775,1,0
1834,1,1,25,1,124359,1,0
1835,1,1,27,1,101620,0,0
1836,1,1,24,1,87964,0,0
1837,1,0,33,0,69523,0,0
1838,1,1,24,1,109486,1,0
1839,1,0,28,0,77206,0,0
1840,1,0,35,1,53608,0,0
1841,1,1,30,1,118677,1,0
1842,0,0,43,1,116512,1,0
1843,0,1,21,1,114756,0,0
1844,1,1,24,1,65852,0,0
1845,0,0,34,1,75626,0,0
1846,1,1,26,1,127455,1,0
1847,0,0,37,1,107073,1,0
1848,1,1,32,1,82196,0,0
1849,1,1,33,1,106741,0,0
1850,0,1,28,1,94518,1,0
1851,1,1,30,1,114430,1,0
1852,1,1,26,1,57165,0,0
1853,1,0,25,0,109610,0,0
1854,0,0,33,0,113619,1,0
1855,1,1,30,1,93854,1,0
1856,1,1,26,1,129022,1,0
1857,0,1,23,1,66804,0,0
1858,0,1,25,1,62689,0,0
1859,1,0,40,1,67619,0,0
1860,0,0,46,1,113495,0,0
1861,1,1,43,1,48632,0,0
1862,1,1,22,1,107394,0,0
1863,0,1,39,1,72385,0,0
1864,1,1,27,1,115934,0,0
1865,0,0,40,1,93183,0,0
1866,0,0,24,0,63506,0,0
1867,1,0,52,1,113619,1,0
1868,1,1,30,1,121399,0,0
1869,1,1,34,1,78281,0,0
1870,1,0,38,1,103926,1,0
1871,0,1,39,1,89097,0,0
1872,1,0,29,0,80852,0,0
1873,0,1,25,1,65207,0,0
1874,1,1,35,1,93495,0,0
1875,0,0,53,1,121970,0,0
1876,0,0,26,0,62027,0,0
1877,0,0,33,1,88602,0,0
1878,0,1,29,1,89914,0,0
1879,0,0,39,1,83342,0,0
1880,0,0,29,0,103439,1,0
1881,0,0,26,0,115451,1,0
1882,0,0,24,0,68250,0,0
1883,1,1,21,1,113630,0,0
1884,1,1,26,1,125880,1,0
1885,1,1,20,1,91177,0,0
1886,1,0,35,1,73266,0,0
1887,1,1,24,1,69021,0,0
1888,1,0,40,1,122593,1,0
1889,1,0,44,1,122180,1,0
1890,0,0,29,0,75160,0,0
1891,1,1,39,1,81973,0,0
1892,1,1,35,1,92194,0,0
1893,0,0,42,1,107380,0,0
1894,1,0,32,1,98023,1,0
1895,0,0,48,1,94868,0,0
1896,0,0,26,0,83442,0,0
1897,1,1,26,1,109887,1,0
1898,0,0,42,1,98876,0,0
1899,0,0,48,1,94962,0,0
1900,1,1,42,1,130740,1,0
1901,1,1,27,1,94095,0,0
1902,1,1,37,1,95071,0,0
1903,0,0,33,0,117308,1,0
1904,0,0,33,1,112093,1,0
1905,1,0,37,1,123893,1,0
1906,1,1,31,1,80189,0,0
1907,0,0,39,1,124089,1,0
1908,1,0,40,1,82673,0,0
1909,1,1,28,1,88858,0,0
1910,1,1,26,1,80540,0,0
1911,1,1,24,1,84228,0,0
1912,0,0,40,1,103963,1,0
1913,1,1,29,1,102397,1,0
1914,0,0,43,1,111563,1,0
1915,0,0,23,0,88260,0,0
1916,1,0,34,1,114767,1,0
1917,1,1,42,1,113275,1,0
1918,1,1,33,1,104755,1,0
1919,1,1,32,1,120525,1,0
1920,1,1,26,1,96082,0,0
1921,1,1,23,1,87227,0,0
1922,1,1,26,1,69333,0,0
1923,1,1,27,1,87777,0,0
1924,0,0,24,0,70978,0,0
1925,0,0,27,0,104196,0,0
1926,1,1,26,1,97551,1,0
1927,1,0,42,1,78979,0,0
1928,1,0,37,1,82500,0,0
1929,1,1,26,1,86306,0,0
1930,1,1,24,1,78762,0,0
1931,1,0,39,1,125543,1,0
1932,0,0,26,0,70336,0,0
1933,0,1,35,1,112975,1,0
1934,0,0,38,1,96681,0,0
1935,1,1,24,1,98922,1,0
1936,1,0,26,0,109250,1,0
1937,0,0,25,0,108960,0,0
1938,0,0,40,1,71302,0,0
1939,1,0,48,1,107757,0,0
1940,1,1,22,1,111600,1,0
1941,1,1,25,1,102974,1,0
1942,0,1,24,1,63442,0,0
1943,0,0,39,1,118913,0,0
1944,0,0,39,1,80987,0,0
1945,1,1,21,1,68790,0,0
1946,1,0,27,0,86462,0,0
1947,0,0,40,1,76881,0,0
1948,1,1,37,1,107409,1,0
1949,1,0,42,1,69114,0,0
1950,1,1,31,1,119167,1,0
1951,1,1,31,1,102018,1,0
1952,0,0,30,0,97680,1,0
1953,1,0,23,0,65062,0,0
1954,0,0,33,0,118144,1,0
1955,1,1,37,1,124548,1,0
1956,1,0,29,0,85637,0,0
1957,1,0,31,1,113108,1,0
1958,0,0,39,1,93554,0,0
1959,1,1,33,1,42516,0,0
1960,0,1,26,1,72429,0,0
1961,1,1,27,1,110154,1,0
1962,1,0,20,0,60965,0,0
1963,1,1,27,1,100618,0,0
1964,1,1,26,1,71021,0,0
1965,0,0,40,1,94189,0,0
1966,0,0,24,0,44742,0,0
1967,1,1,22,1,103201,1,0
1968,1,1,24,1,62335,0,0
1969,1,0,27,0,103787,1,0
1970,0,0,35,1,99401,1,0
1971,0,1,27,1,105197,1,0
1972,1,1,25,1,115566,0,0
1973,1,1,34,1,125843,0,0
1974,1,0,24,0,67936,0,0
1975,1,0,34,1,120863,1,0
1976,0,0,42,1,77317,0,0
1977,1,0,38,1,84653,0,0
1978,0,0,42,1,81606,0,0
1979,1,0,35,1,113380,0,0
1980,1,1,27,1,100644,1,0
1981,0,0,25,0,64037,0,0
1982,1,1,23,1,101350,1,0
1983,1,1,34,1,126334,1,0
1984,1,1,28,1,130877,1,0
1985,0,0,21,0,103470,1,0
1986,1,0,32,0,114588,1,0
1987,1,1,21,1,120682,1,0
1988,0,0,25,0,66628,0,0
1989,1,1,35,1,124447,0,0
1990,1,1,25,1,106567,0,0
1991,1,1,31,1,78758,0,0
1992,0,0,54,1,128537,1,0
1993,1,0,51,1,101074,0,0
1994,1,0,38,1,87670,0,0
1995,0,0,45,1,113414,1,0
1996,1,0,47,1,123525,0,0
1997,1,1,27,1,117744,1,0
1998,0,0,31,0,86400,0,0
1999,1,1,24,1,97968,0,0
2000,0,0,25,0,68416,0,0
